{
  "accuracy": 0.5339333333333334,
  "evaluation_samples": 30000,
  "per_class": {
    "negative": {
      "precision": 0.5927184466019417,
      "recall": 0.4884,
      "f1": 0.5355263157894737,
      "support": 10000
    },
    "neutral": {
      "precision": 0.485475182762601,
      "recall": 0.5047,
      "f1": 0.4949009609727398,
      "support": 10000
    },
    "positive": {
      "precision": 0.5356388595564942,
      "recall": 0.6087,
      "f1": 0.5698371091555888,
      "support": 10000
    }
  },
  "dataset_info": {
    "total_samples": 30000,
    "translation_success_rate": 1.0,
    "predicted_distribution": {
      "positive": 