{
  "accuracy": 0.331,
  "precision_macro": 0.17740416946872897,
  "recall_macro": 0.331,
  "f1_macro": 0.1689960352044386,
  "report": {
    "negative": {
      "precision": 0.0,
      "recall": 0.0,
      "f1-score": 0.0,
      "support": 1000.0
    },
    "neutral": {
      "precision": 0.33221250840618693,
      "recall": 0.988,
      "f1-score": 0.4972320080523402,
      "support": 1000.0
    },
    "positive": {
      "precision": 0.2,
      "recall": 0.005,
      "f1-score": 0.00975609756097561,
      "support": 1000.0
    },
    "accuracy": 0.331,
    "macro avg": {
      "precision": 0.17740416946872897,
      "recall": 0.331,
      "f1-score": 0.1689960352044386,
      "support": 3000.0
    },
    "weighted avg": {
      "precision": 0.177404169468729,
      "recall": 0.331,
      "f1-score": 0.1689960352044386,
      "support": 3000.0
    }
  }
}