{
  "accuracy": 0.7783333333333333,
  "precision_macro": 0.7767929731936841,
  "recall_macro": 0.7783333333333333,
  "f1_macro": 0.7764110764454474,
  "report": {
    "negative": {
      "precision": 0.7732342007434945,
      "recall": 0.832,
      "f1-score": 0.8015414258188824,
      "support": 1000.0
    },
    "neutral": {
      "precision": 0.7416107382550335,
      "recall": 0.663,
      "f1-score": 0.7001055966209081,
      "support": 1000.0
    },
    "positive": {
      "precision": 0.8155339805825242,
      "recall": 0.84,
      "f1-score": 0.8275862068965517,
      "support": 1000.0
    },
    "accuracy": 0.7783333333333333,
    "macro avg": {
      "precision": 0.7767929731936841,
      "recall": 0.7783333333333333,
      "f1-score": 0.7764110764454474,
      "support": 3000.0
    },
    "weighted avg": {
      "precision": 0.7767929731936841,
      "recall": 0.7783333333333333,
      "f1-score": 0.7764110764454474,
      "support": 3000.0
    }
  }
}