{
  "accuracy": 0.7803333333333333,
  "precision_macro": 0.779222967361552,
  "recall_macro": 0.7803333333333332,
  "f1_macro": 0.7790339456843268,
  "report": {
    "negative": {
      "precision": 0.776844070961718,
      "recall": 0.832,
      "f1-score": 0.803476581361661,
      "support": 1000.0
    },
    "neutral": {
      "precision": 0.7410228509249184,
      "recall": 0.681,
      "f1-score": 0.7097446586763939,
      "support": 1000.0
    },
    "positive": {
      "precision": 0.8198019801980198,
      "recall": 0.828,
      "f1-score": 0.8238805970149253,
      "support": 1000.0
    },
    "accuracy": 0.7803333333333333,
    "macro avg": {
      "precision": 0.779222967361552,
      "recall": 0.7803333333333332,
      "f1-score": 0.7790339456843268,
      "support": 3000.0
    },
    "weighted avg": {
      "precision": 0.779222967361552,
      "recall": 0.7803333333333333,
      "f1-score": 0.7790339456843267,
      "support": 3000.0
    }
  }
}