{
  "accuracy": 0.3443333333333333,
  "precision_macro": 0.31054613731350894,
  "recall_macro": 0.3443333333333334,
  "f1_macro": 0.2564537960610234,
  "report": {
    "negative": {
      "precision": 0.3461372464393612,
      "recall": 0.802,
      "f1-score": 0.483569490503467,
      "support": 1000.0
    },
    "neutral": {
      "precision": 0.24242424242424243,
      "recall": 0.008,
      "f1-score": 0.015488867376573089,
      "support": 1000.0
    },
    "positive": {
      "precision": 0.34307692307692306,
      "recall": 0.223,
      "f1-score": 0.2703030303030303,
      "support": 1000.0
    },
    "accuracy": 0.3443333333333333,
    "macro avg": {
      "precision": 0.31054613731350894,
      "recall": 0.3443333333333334,
      "f1-score": 0.2564537960610234,
      "support": 3000.0
    },
    "weighted avg": {
      "precision": 0.31054613731350894,
      "recall": 0.3443333333333333,
      "f1-score": 0.2564537960610235,
      "support": 3000.0
    }
  }
}