{
  "accuracy": 0.7716666666666666,
  "precision_macro": 0.7703121901650137,
  "recall_macro": 0.7716666666666666,
  "f1_macro": 0.7698170902240072,
  "report": {
    "negative": {
      "precision": 0.7634508348794063,
      "recall": 0.823,
      "f1-score": 0.7921077959576516,
      "support": 1000.0
    },
    "neutral": {
      "precision": 0.7379619260918253,
      "recall": 0.659,
      "f1-score": 0.6962493396724776,
      "support": 1000.0
    },
    "positive": {
      "precision": 0.8095238095238095,
      "recall": 0.833,
      "f1-score": 0.8210941350418925,
      "support": 1000.0
    },
    "accuracy": 0.7716666666666666,
    "macro avg": {
      "precision": 0.7703121901650137,
      "recall": 0.7716666666666666,
      "f1-score": 0.7698170902240072,
      "support": 3000.0
    },
    "weighted avg": {
      "precision": 0.7703121901650136,
      "recall": 0.7716666666666666,
      "f1-score": 0.7698170902240072,
      "support": 3000.0
    }
  }
}